"officer_name","trial_ID","year","final_date","muni_trial","prov_trial","defendant_ID","defendant_name","defendant_position","defendant_birth_year","defendant_outcome","court","presiding_judge","judge2","judge3","elevation_year","muni_repression","prov_repression","presiding_judge_appt_pres","presiding_judge_appt_minjus","presiding_judge_gender","presiding_judge_datefirstappt","judge2_appt_pres","judge2_appt_minjus","judge2_gender","judge2_datefirstappt","judge3_appt_pres","judge3_appt_minjus","judge3_gender","judge3_datefirstappt","presiding_judge_tenure","judge2_tenure","judge3_tenure","kidnapping_case","defendant_age","length_of_case","rank_crude","kirchnerjudge","kirchner_presiding_judge","kirchner_judge2","kirchner_judge3","kirchner_panel","menem_judge2","menem_judge3","menem_panel","menem_presiding_judge","council_panel","council_presiding_judge","council_judge2","council_judge3","noconvict","sentence_yr","dead","aquited","life","n_trial","outcomes","maxrank","maxlevel","totalrepression","last_year_served","first_year_served","officer_branch"
"alfredo manuel arrillaga",164,2016,"7/27/2016","paso de los libres","corrientes",34,"Alfredo Manuel Arrillaga","general",1933,"acquitted","tribunal oral federal de corrientes","Victor Antonio Alonso","Lucrecia M. Rojas de Badaro","Fermin Amado Ceroleni",2012,"","","Carlos Menem","Rodolfo Barra","Masculino","8/16/1995","Carlos Menem","Rodolfo Barra","Femenino","8/17/1995","Cristina Fernandez","Julio Alak","Masculino","11/12/2012",20.96164384,20.95890411,3.706849315,0,83,4,1,0,0,0,1,0,1,0,1,1,0,0,0,0,1,0,0,1,0,3,"life,",2,1,0,1979,1978,"Army"
"alfredo manuel arrillaga",78,2012,"10/1/2012","mar del plata","buenos aires",34,"Alfredo Manuel Arrillaga","general",1933,"life","tribunal oral de mar del plata - ad hoc","Alfredo J. Ruiz Paz","Lidia B. Soto","Elbio Osores Soler",2009,"","","Carlos Menem","Rodolfo Barra","Masculino","11/28/1994","Carlos Menem","Jorge Maiorano","Femenino","7/1/1993","Carlos Menem","Jorge Maiorano","Masculino","9/16/1993",17.85479452,19.26575342,19.05479452,0,79,3,1,0,0,0,0,0,1,1,1,1,0,0,0,0,0,50,0,0,1,3,"life,",2,1,0,1979,1978,"Army"
"alfredo manuel arrillaga",40,2010,"12/21/2010","mar del plata","buenos aires",34,"Alfredo Manuel Arrillaga","general",1933,"life","tribunal oral federal de mar del plata","Nelson Javier Jarazo","Alejandro Daniel Esmoris","Jorge Anibal Michelli",2009,"mar de plata","buenos aires","Fernando De la Rua","Jorge De la Rua","Masculino","12/7/2001","Nestor Kirchner","Horacio Rosatti","Masculino","9/6/2004","Carlos Menem","Jorge Maiorano","Masculino","12/22/1993",9.043835616,6.293150685,17.00821918,0,77,1,1,0,0,0,0,0,0,1,0,0,1,1,1,0,0,50,0,0,1,3,"life,",2,1,0,1979,1978,"Army"
"angel jose gomez pola",135,2015,"2/19/2015","la plata","buenos aires",46,"Angel Jose Gomez Pola","coronel ",1930,"life","tribunal oral federal no. 1 la plata","Carlos Alberto Rozanski","Cesar Alvarez","Pablo Daniel Vega",2012,"","","Fernando De la Rua","Jorge De la Rua","Masculino","6/14/2001","Cristina Fernandez","Anibal Fernandez","Masculino","10/9/2008","Cristina Fernandez","Julio Alak","Masculino","9/9/2011",13.69315068,6.367123288,3.449315068,0,85,3,1,0,0,1,1,1,0,0,0,0,0,1,0,0,0,50,0,0,1,1,"life",2,1,4,1976,1976,"Army"
"antonio domingo bussi",60,2011,"12/2/2011",NA,"tucuman",54,"Antonio Domingo Bussi","general, gobernador de Tucuman",1926,"died","tribunal oral federal de tucuman","Carlos Enrique Ignacio Jimenez Montilla","Gabriel Eduardo Casas","Jaime Diaz Gavier",2011,"","","Carlos Menem","Jorge Maiorano","Masculino","2/12/1994","Carlos Menem","Jorge Maiorano","Masculino","12/22/1993","Carlos Menem","Jorge Maiorano","Masculino","5/24/1993",17.81369863,17.95616438,18.5369863,0,85,0,1,0,0,0,0,0,1,1,1,1,0,0,0,0,0,NA,1,0,0,3,"life, died, died",4,3,817,1981,1976,"Army"
"antonio domingo bussi",11,2008,"9/4/2008",NA,"tucuman",54,"Antonio Domingo Bussi","army general",1926,"life","tribunal oral federal de tucuman","Carlos Enrique Ignacio Jimenez Montilla","Gabriel Eduardo Casas","Josefina Curi",2008,"san miguel de tucuman","tucuman","Carlos Menem","Jorge Maiorano","Masculino","2/12/1994","Carlos Menem","Jorge Maiorano","Masculino","12/22/1993","Carlos Menem","Rodolfo Barra","Femenino","8/17/1995",14.56986301,14.71232877,13.06027397,0,82,0,1,0,0,0,0,0,1,1,1,1,0,0,0,0,0,50,0,0,1,3,"life, died, died",4,3,817,1981,1976,"Army"
"antonio domingo bussi",66,2012,"3/23/2012","san miguel de tucuman","tucuman",54,"Antonio Domingo Bussi","general, gobernador de Tucuman",1926,"died","tribunal oral federal de tucuman","Gabriel Eduardo Casas","Carlos Enrique Ignacio Jimenez Montilla","Jaime Diaz Gavier",2011,"santa rosa y los rojo","tucuman","Carlos Menem","Jorge Maiorano","Masculino","12/22/1993","Carlos Menem","Jorge Maiorano","Masculino","2/12/1994","Carlos Menem","Jorge Maiorano","Masculino","5/24/1993",18.2630137,18.12054795,18.84383562,0,86,1,1,0,0,0,0,0,1,1,1,1,0,0,0,0,0,NA,1,0,0,3,"life, died, died",4,3,817,1981,1976,"Army"
"antonio herminio simon",70,2012,"5/7/2012","capital federal","capital federal",NA,"Antonio Herminio Simon","coronel",1934,"19","juzgado nacional criminal federal no. 4","Ariel Lijo",NA,NA,2007,"","","Nestor Kirchner","Horacio Rosatti","Masculino","10/7/2004",NA,NA,NA,NA,NA,NA,NA,NA,7.58630137,NA,NA,0,78,5,1,0,0,0,0,0,0,0,0,0,0,1,0,0,0,19,0,0,0,1,"19",2,2,0,1983,1981,"Intelligence"
"bernardo jose menendez",21,2009,"10/23/2009","capital federal","capital federal",87,"Bernardo Jose Menendez","coronel",1932,"life","tribunal oral federal capital federal no. 5","Daniel Horacio Obligado","Guillermo Andres Gordo","Ricardo Luis Farias",2007,"","","Nestor Kirchner","Alberto Iribarne","Masculino","8/29/2007","Carlos Menem","Jorge Maiorano","Masculino","6/2/1993","Carlos Menem","Jorge Maiorano","Masculino","7/7/1993",2.153424658,16.40273973,16.30684932,0,77,2,1,1,1,0,0,0,1,1,1,0,0,0,0,0,0,50,0,0,1,1,"life",2,1,2,1977,1977,"Army"
"carlos alberto mulhall",113,2013,"12/20/2013","salta","salta",97,"Carlos Alberto Mulhall","coronel",1929,"life","tribunal oral federal de salta","Carlos Enrique Ignacio Jimenez Montilla","Marta Liliana Snopek","Mario Marcelo Juarez Almaraz",2010,"","","Carlos Menem","Jorge Maiorano","Masculino","2/12/1994","Cristina Fernandez","Anibal Fernandez","Femenino","12/14/2008","Cristina Fernandez","Julio Alak","Masculino","11/21/2011",19.86575342,5.019178082,2.082191781,0,84,3,1,0,0,1,1,1,0,0,0,1,0,0,0,0,0,50,0,0,1,2,"life, life",3,1,105,1977,1976,"Army"
"carlos alberto mulhall",124,2014,"9/29/2014","salta","salta",97,"Carlos Alberto Mulhall","coronel",1929,"life","tribunal oral federal de salta","Federico Santiago Diaz","Mario Marcelo Juarez Almaraz","Marta Liliana Snopek",2012,"san jose de metan","salta","Cristina Fernandez","Julio Alak","Masculino","10/4/2012","Cristina Fernandez","Julio Alak","Masculino","11/21/2011","Cristina Fernandez","Anibal Fernandez","Femenino","12/14/2008",1.98630137,2.857534247,5.794520548,0,85,2,1,1,1,1,1,1,0,0,0,0,0,0,0,0,0,50,0,0,1,2,"life, life",3,1,105,1977,1976,"Army"
"carlos gustavo fontana",5,2007,"12/18/2007","capital federal","capital federal",NA,"Carlos Gustavo Fontana","captain",1942,"21","juzgado nacional criminal federal no. 4","Ariel Lijo",NA,NA,2006,"","","Nestor Kirchner","Horacio Rosatti","Masculino","10/7/2004",NA,NA,NA,NA,NA,NA,NA,NA,3.197260274,NA,NA,0,65,1,1,0,0,0,0,0,0,0,0,0,0,1,0,0,0,21,0,0,0,1,"21",3,2,0,1979,1978,"Intelligence"
"carlos horacio tragant",163,2016,"5/27/2016","capital federal","capital federal",144,"Carlos Horacio Tragant","jefe de area 331",1928,"acquitted","tribunal oral federal no. 1 capital federal","Oscar Ricardo Almirante","Adrian Federico Grunberg","Pablo Gustavo Laufer",2007,"","","Cristina Fernandez","Julio Alak","Masculino","8/18/2009","Cristina Fernandez","Julio Alak","Masculino","8/18/2009","Cristina Fernandez","Julio Alak","Masculino","9/9/2011",6.778082192,6.778082192,4.717808219,0,88,9,1,1,1,1,1,1,0,0,0,0,0,0,0,0,1,0,0,1,0,1,"acquitted",3,1,133,1977,1976,"Army"
"cesar miguel comes",12,2008,"11/5/2008","capital federal","capital federal",156,"Cesar Miguel Comes","brigadier",1925,"25","tribunal oral federal capital federal no. 5","Guillermo Andres Gordo","Daniel Horacio Obligado","Ricardo Luis Farias",2005,"","","Carlos Menem","Jorge Maiorano","Masculino","6/2/1993","Nestor Kirchner","Alberto Iribarne","Masculino","8/29/2007","Carlos Menem","Jorge Maiorano","Masculino","7/7/1993",15.43835616,1.189041096,15.34246575,0,83,3,1,0,0,1,0,0,0,1,1,1,0,0,0,0,0,25,0,0,0,2,"25, 25",4,1,132,1978,1977,"Air Force"
"cesar miguel comes",147,2015,"7/16/2015","general san martin","buenos aires",156,"Cesar Miguel Comes","brigadier",1925,"25","tribunal oral federal san martin no. 5","Marcelo Gonzalo Diaz Cabral","Alfredo J. Ruiz Paz","Maria Claudia Morgese Martin",2011,"","","Carlos Menem","Jorge Maiorano","Masculino","5/23/1994","Carlos Menem","Rodolfo Barra","Masculino","11/28/1994","Cristina Fernandez","Julio Alak","Femenino","11/21/2011",21.16164384,20.64383562,3.652054795,0,90,4,1,0,0,0,1,0,1,0,1,1,0,0,0,0,0,25,0,0,0,2,"25, 25",4,1,132,1978,1977,"Air Force"
"cristino nicolaides",5,2007,"12/18/2007","capital federal","capital federal",NA,"Cristino Nicolaides","general de division",1925,"25","juzgado nacional criminal federal no. 4","Ariel Lijo",NA,NA,2006,"","","Nestor Kirchner","Horacio Rosatti","Masculino","10/7/2004",NA,NA,NA,NA,NA,NA,NA,NA,3.197260274,NA,NA,0,82,1,1,0,0,0,0,0,0,0,0,0,0,1,0,0,0,25,0,0,0,1,"25",4,3,129,1982,1976,"Army"
"domingo morales",160,2016,"4/28/2016","santa fe","santa fe",180,"Domingo Morales","teniente primero del destacamento de inteligencia 122",1944,"22","tribunal oral federal de santa fe","Ricardo Moises Vasquez","Beatriz Caballero de Barabani","Omar R.A. Digeronimo",2012,"","","Cristina Fernandez","Anibal Fernandez","Masculino","10/9/2008","Eduardo Duhalde","Juan J. Alvarez","Femenino","12/27/2002","Eduardo Duhalde","Juan J. Alvarez","Masculino","12/9/2002",7.556164384,13.34520548,13.39452055,0,72,4,0,1,1,0,0,0,0,0,0,0,1,0,1,1,0,22,0,0,0,1,"22",3,2,0,1981,1980,"Intelligence"
"eduardo rene fracassi",150,2015,"11/25/2015","bahia blanca","buenos aires",196,"Eduardo Rene Fracassi","vicealmirante",1926,"life","tribunal oral federal de bahia blanca","Jorge Ferro","Jose Mario Tripputi","Martin Bava",2011,"bahia blanca","buenos aires","Carlos Menem","Leon Arslanian","Masculino","9/2/1991","Carlos Menem","Jorge Maiorano","Masculino","5/31/1993","Cristina Fernandez","Julio Alak","Masculino","8/31/2009",24.24657534,22.50136986,6.238356164,0,89,4,1,0,0,0,1,0,1,0,1,1,0,0,0,0,0,50,0,0,1,1,"life",4,1,58,1976,1976,"Navy"
"eduardo samuel de lio",163,2016,"5/27/2016","capital federal","capital federal",199,"Eduardo Samuel De Lio","jefe de area 111",1930,"12","tribunal oral federal no. 1 capital federal","Oscar Ricardo Almirante","Adrian Federico Grunberg","Pablo Gustavo Laufer",2007,"","","Cristina Fernandez","Julio Alak","Masculino","8/18/2009","Cristina Fernandez","Julio Alak","Masculino","8/18/2009","Cristina Fernandez","Julio Alak","Masculino","9/9/2011",6.778082192,6.778082192,4.717808219,0,86,9,1,1,1,1,1,1,0,0,0,0,0,0,0,0,0,12,0,0,0,1,"12",3,1,13,1980,1978,"Army"
"enrique braulio olea",13,2008,"12/18/2008",NA,"neuquen",214,"Enrique Braulio Olea","jefe del Batallon de Ingenieros de Montana 181 (in charge of La Escuelita 1975-77)",1930,"25","tribunal oral federal de neuquen","Orlando Arcangel Coscia","Eugenio Krom","Oscar Albrieu",2008,"","","Nestor Kirchner","Horacio Rosatti","Masculino","8/2/2004","Carlos Menem","Jorge Maiorano","Masculino","1/19/1994","Carlos Menem","Jorge Maiorano","Masculino","5/31/1993",4.380821918,14.92328767,15.56164384,0,78,0,1,0,0,0,0,0,1,1,1,0,0,1,0,0,0,25,0,0,0,3,"25, 22, 13",3,1,28,1983,1976,"Army"
"enrique braulio olea",80,2012,"11/6/2012","neuquen","neuquen",214,"Enrique Braulio Olea","general de brigada",1930,"22","tribunal oral federal de neuquen","Orlando Arcangel Coscia","Eugenio Krom","Mariano R. Lozano",2010,"","","Nestor Kirchner","Horacio Rosatti","Masculino","8/2/2004","Carlos Menem","Jorge Maiorano","Masculino","1/19/1994","Cristina Fernandez","Julio Alak","Masculino","11/21/2011",8.268493151,18.8109589,0.961643836,0,82,2,1,0,0,0,1,0,1,0,0,0,0,1,0,0,0,22,0,0,0,3,"25, 22, 13",3,1,28,1983,1976,"Army"
"enrique braulio olea",163,2016,"5/27/2016","capital federal","capital federal",214,"Enrique Braulio Olea","general de brigada",1930,"13","tribunal oral federal no. 1 capital federal","Oscar Ricardo Almirante","Adrian Federico Grunberg","Pablo Gustavo Laufer",2012,"","","Cristina Fernandez","Julio Alak","Masculino","8/18/2009","Cristina Fernandez","Julio Alak","Masculino","8/18/2009","Cristina Fernandez","Julio Alak","Masculino","9/9/2011",6.778082192,6.778082192,4.717808219,0,86,4,1,1,1,1,1,1,0,0,0,0,0,0,0,0,0,13,0,0,0,3,"25, 22, 13",3,1,28,1983,1976,"Army"
"ernesto arturo alais",110,2013,"12/13/2013","san miguel de tucuman","tucuman",225,"Ernesto Arturo Alais","general",1930,"separado por razones de salud","tribunal oral federal de tucuman","Carlos Enrique Ignacio Jimenez Montilla","Gabriel Eduardo Casas","Juan Carlos Reynaga",2012,"","","Carlos Menem","Jorge Maiorano","Masculino","2/12/1994","Carlos Menem","Jorge Maiorano","Masculino","12/22/1993","Cristina Fernandez","Julio Alak","Masculino","11/21/2011",19.84657534,19.9890411,2.063013699,0,83,1,1,0,0,0,1,0,1,0,1,1,0,0,0,0,0,0,0,0,0,1,"separado por razones de salud",2,1,531,1977,1976,"Army"
"eugenio guanabens perello",91,2013,"3/12/2013","general san martin","buenos aires",235,"Eugenio Guanabens Perello","director of the General Lemos Combat Support Services School, General de Brigada",1926,"16","tribunal oral federal no. 1 de san martin","Hector Omar Sagretti","Daniel Alberto Cisneros","Daniel Antonio Petrone",2009,"","","Nestor Kirchner","Alberto Iribarne","Masculino","4/17/2006","Carlos Menem","Jorge Maiorano","Masculino","7/7/1993","Cristina Fernandez","Julio Alak","Masculino","9/9/2011",6.906849315,19.69315068,1.506849315,0,87,4,1,1,1,0,1,1,1,0,0,0,0,0,0,0,0,16,0,0,0,4,"17, 16, 16, 13",4,3,72,1983,1977,"Army"
"eugenio guanabens perello",163,2016,"5/27/2016","capital federal","capital federal",235,"Eugenio Guanabens Perello","director of the General Lemos Combat Support Services School, General de Brigada",1926,"13","tribunal oral federal no. 1 capital federal","Oscar Ricardo Almirante","Adrian Federico Grunberg","Pablo Gustavo Laufer",2007,"","","Cristina Fernandez","Julio Alak","Masculino","8/18/2009","Cristina Fernandez","Julio Alak","Masculino","8/18/2009","Cristina Fernandez","Julio Alak","Masculino","9/9/2011",6.778082192,6.778082192,4.717808219,0,90,9,1,1,1,1,1,1,0,0,0,0,0,0,0,0,0,13,0,0,0,4,"17, 16, 16, 13",4,3,72,1983,1977,"Army"
"eugenio guanabens perello",28,2010,"4/20/2010","general san martin","buenos aires",235,"Eugenio Guanabens Perello","director of the General Lemos Combat Support Services School, General de Brigada",1926,"17","tribunal oral federal de san martin no. 1","Marta Isabel Milloc","Hector Omar Sagretti","Daniel Alberto Cisneros",2008,"san miguel","buenos aires","Carlos Menem","Jorge Maiorano","Femenino","6/2/1994","Nestor Kirchner","Alberto Iribarne","Masculino","4/17/2006","Carlos Menem","Jorge Maiorano","Masculino","7/7/1993",15.89315068,4.010958904,16.79726027,0,84,2,1,0,0,1,0,0,0,1,1,1,0,0,0,0,0,17,0,0,0,4,"17, 16, 16, 13",4,3,72,1983,1977,"Army"
"eugenio guanabens perello",126,2014,"10/7/2014","general san martin","buenos aires",235,"Eugenio Guanabens Perello","director of the General Lemos Combat Support Services School, General de Brigada",1926,"16","tribunal oral no. 1 de san martin","Hector Omar Sagretti","Marta Isabel Milloc","Diego Gustavo Barroetavena",2010,"","","Nestor Kirchner","Alberto Iribarne","Masculino","4/17/2006","Carlos Menem","Jorge Maiorano","Femenino","6/2/1994","Nestor Kirchner","Horacio Rosatti","Masculino","6/22/2005",8.479452055,20.36164384,9.298630137,0,88,4,1,1,1,0,0,0,1,0,0,0,0,0,0,1,0,16,0,0,0,4,"17, 16, 16, 13",4,3,72,1983,1977,"Army"
"faustino jose svencionis",131,2014,"12/18/2014","capital federal","capital federal",238,"Faustino Jose Svencionis","teniente coronel",1932,"died","tribunal oral federal capital no. 4","Nestor Guillermo Costabel","Horacio Ernesto Barberis","Eduardo Carlos Fernandez",NA,"","","Cristina Fernandez","Julio Alak","Masculino","9/9/2011","Carlos Menem","Jorge Maiorano","Masculino","6/16/1993","Nestor Kirchner","Alberto Iribarne","Masculino","8/7/2005",3.276712329,21.52054795,9.369863014,0,82,NA,1,1,1,0,0,0,1,0,0,0,0,0,0,1,0,NA,1,0,0,1,"died",2,1,105,1979,1978,"Army"
"federico antonio minicucci",163,2016,"5/27/2016","capital federal","capital federal",239,"Federico Antonio Minicucci","general de brigada de ejercito",1932,"8","tribunal oral federal no. 1 capital federal","Oscar Ricardo Almirante","Adrian Federico Grunberg","Pablo Gustavo Laufer",2012,"","","Cristina Fernandez","Julio Alak","Masculino","8/18/2009","Cristina Fernandez","Julio Alak","Masculino","8/18/2009","Cristina Fernandez","Julio Alak","Masculino","9/9/2011",6.778082192,6.778082192,4.717808219,0,84,4,1,1,1,1,1,1,0,0,0,0,0,0,0,0,0,8,0,0,0,2,"life, 8",3,1,554,1983,1976,"Army"
"federico antonio minicucci",131,2014,"12/18/2014","capital federal","capital federal",239,"Federico Antonio Minicucci","coronel",1932,"life","tribunal oral federal capital no. 4","Nestor Guillermo Costabel","Horacio Ernesto Barberis","Eduardo Carlos Fernandez",2012,"","","Cristina Fernandez","Julio Alak","Masculino","9/9/2011","Carlos Menem","Jorge Maiorano","Masculino","6/16/1993","Nestor Kirchner","Alberto Iribarne","Masculino","8/7/2005",3.276712329,21.52054795,9.369863014,0,82,2,1,1,1,0,0,0,1,0,0,0,0,0,0,1,0,50,0,0,1,2,"life, 8",3,1,554,1983,1976,"Army"
"guillermo ramon ananos",164,2016,"7/27/2016","paso de los libres","corrientes",280,"Guillermo Ramon Ananos","coronel del ejercito",1929,"acquitted","tribunal oral federal de corrientes","Victor Antonio Alonso","Lucrecia M. Rojas de Badaro","Fermin Amado Ceroleni",2012,"","","Carlos Menem","Rodolfo Barra","Masculino","8/16/1995","Carlos Menem","Rodolfo Barra","Femenino","8/17/1995","Cristina Fernandez","Julio Alak","Masculino","11/12/2012",20.96164384,20.95890411,3.706849315,0,87,4,1,0,0,0,1,0,1,0,1,1,0,0,0,0,1,0,0,1,0,1,"acquitted",2,1,1,1978,1977,"Army"
"gustavo adolfo cacivio",128,2014,"10/24/2014","la plata","buenos aires",284,"Gustavo Adolfo Cacivio","Capitan del Ejercito Argentino, auxiliar del jefe de la Division II de Inteligencia del Comando de la X Brigada de Infanteria, Jefe del Centro Clandestino de Detencion ""El Vesubio""",1943,"life","tribunal oral federal no. 1 la plata","Carlos Alberto Rozanski","Pablo Jantus","Pablo Daniel Vega",2012,"","","Fernando De la Rua","Jorge De la Rua","Masculino","6/14/2001","Cristina Fernandez","Julio Alak","Masculino","11/5/2013","Cristina Fernandez","Julio Alak","Masculino","9/9/2011",13.36986301,0.967123288,3.126027397,0,71,2,1,0,0,1,1,1,0,0,0,0,0,1,0,0,0,50,0,0,1,2,"life, life",1,1,0,1983,1982,"Army"
"gustavo adolfo cacivio",131,2014,"12/18/2014","capital federal","capital federal",284,"Gustavo Adolfo Cacivio","Capitan del Ejercito Argentino, auxiliar del jefe de la Division II de Inteligencia del Comando de la X Brigada de Infanteria, Jefe del Centro Clandestino de Detencion ""El Vesubio""",1943,"life","tribunal oral federal capital no. 4","Nestor Guillermo Costabel","Horacio Ernesto Barberis","Eduardo Carlos Fernandez",2012,"la matanza","buenos aires","Cristina Fernandez","Julio Alak","Masculino","9/9/2011","Carlos Menem","Jorge Maiorano","Masculino","6/16/1993","Nestor Kirchner","Alberto Iribarne","Masculino","8/7/2005",3.276712329,21.52054795,9.369863014,0,71,2,1,1,1,0,0,0,1,0,0,0,0,0,0,1,0,50,0,0,1,2,"life, life",1,1,0,1983,1982,"Army"
"hector humberto gamen",50,2011,"7/14/2011","capital federal","capital federal",296,"Hector Humberto Gamen","general de brigada",1925,"life","tribunal oral federal capital no. 4","Leopoldo Bruglia","Pablo Daniel Bertuzzi","Jorge Luciano Gorini",2008,"","","Carlos Menem","Jorge Maiorano","Masculino","9/6/1993","Cristina Fernandez","Anibal Fernandez","Masculino","12/22/2008","Cristina Fernandez","Julio Alak","Masculino","9/9/2011",17.8630137,2.55890411,-0.156164384,0,86,3,1,0,0,1,1,1,0,0,0,1,0,0,0,0,0,50,0,0,1,1,"life",4,2,13,1983,1978,"Army"
"hector luis rios erenu",113,2013,"12/20/2013","salta","salta",298,"Hector Luis Rios Erenu","Teniente Coronel, Jefe del Regimiento de Infanteria de Monte 28, asiento en Tartagal (Salta)",1930,"life","tribunal oral federal de salta","Carlos Enrique Ignacio Jimenez Montilla","Marta Liliana Snopek","Mario Marcelo Juarez Almaraz",2011,"","","Carlos Menem","Jorge Maiorano","Masculino","2/12/1994","Cristina Fernandez","Anibal Fernandez","Femenino","12/14/2008","Cristina Fernandez","Julio Alak","Masculino","11/21/2011",19.86575342,5.019178082,2.082191781,0,83,2,0,0,0,1,1,1,0,0,0,1,0,0,0,0,0,50,0,0,1,1,"life, life",2,1,105,1977,1976,"Army"
"hipolito rafael mariani",147,2015,"7/16/2015","general san martin","buenos aires",316,"Hipolito Rafael Mariani","brigadier",1926,"25","tribunal oral federal san martin no. 5","Marcelo Gonzalo Diaz Cabral","Alfredo J. Ruiz Paz","Maria Claudia Morgese Martin",2011,"","","Carlos Menem","Jorge Maiorano","Masculino","5/23/1994","Carlos Menem","Rodolfo Barra","Masculino","11/28/1994","Cristina Fernandez","Julio Alak","Femenino","11/21/2011",21.16164384,20.64383562,3.652054795,0,89,4,1,0,0,0,1,0,1,0,1,1,0,0,0,0,0,25,0,0,0,3,"25, 8, 25",4,2,164,1977,1977,"Air Force"
"hipolito rafael mariani",64,2011,"12/29/2011","capital federal","capital federal",316,"Hipolito Rafael Mariani","brigadier, comandante de la subzona 16 de seguridad del Primer Cuerpo de Ejercito",1926,"8","tribunal oral federal no. 2 capital federal","Jorge Luciano Gorini","Pablo Daniel Bertuzzi","Rodrigo Gimenez Uriburu",2011,"","","Cristina Fernandez","Julio Alak","Masculino","9/9/2011","Cristina Fernandez","Anibal Fernandez","Masculino","12/22/2008","Cristina Fernandez","Julio Alak","Masculino","9/9/2011",0.304109589,3.019178082,0.304109589,0,85,0,1,1,1,1,1,1,0,0,0,0,0,0,0,0,0,8,0,0,0,3,"25, 8, 25",4,2,164,1977,1977,"Air Force"
"hipolito rafael mariani",12,2008,"11/5/2008","capital federal","capital federal",316,"Hipolito Rafael Mariani","brigadier",1926,"25","tribunal oral federal capital federal no. 5","Guillermo Andres Gordo","Daniel Horacio Obligado","Ricardo Luis Farias",2005,"","","Carlos Menem","Jorge Maiorano","Masculino","6/2/1993","Nestor Kirchner","Alberto Iribarne","Masculino","8/29/2007","Carlos Menem","Jorge Maiorano","Masculino","7/7/1993",15.43835616,1.189041096,15.34246575,0,82,3,1,0,0,1,0,0,0,1,1,1,0,0,0,0,0,25,0,0,0,3,"25, 8, 25",4,2,164,1977,1977,"Air Force"
"ignacio anibal verdura",134,2014,"12/29/2014","azul","buenos aires",345,"Ignacio Anibal Verdura","teniente coronel",1931,"life","tribunal oral federal mar del plata","Roberto Atilio Falcone","Nestor Ruben Parra","Mario Alberto Portela",2012,"","","Carlos Menem","Jorge Maiorano","Masculino","10/6/1993","Carlos Menem","Jorge Maiorano","Masculino","2/23/1994","Carlos Menem","Jorge Maiorano","Masculino","12/22/1993",21.24383562,20.86027397,21.03287671,0,83,2,1,0,0,0,0,0,1,1,1,1,0,0,0,0,0,50,0,0,1,1,"life",3,1,11,1983,1976,"Army"
"jorge alberto d'amico",112,2013,"12/19/2013","santiago del estero","santiago del estero",359,"Jorge Alberto D'Amico","teniente",1948,"4","tribunal oral federal de santiago del estero","Maria Alicia Noli","Graciela Nair Fernandez Vecino","Luis Alberto Imas",2012,"","","Cristina Fernandez","Anibal Fernandez","Femenino","4/8/2008","Carlos Menem","Jorge Maiorano","Femenino","11/30/1993","Cristina Fernandez","Julio Alak","Masculino","9/9/2011",5.701369863,20.06575342,2.279452055,0,65,1,0,1,1,0,1,1,1,0,0,0,0,0,0,0,0,4,0,0,0,1,"4",3,2,10,1983,1980,"Intelligence"
"jorge alberto farina",56,2011,"10/21/2011","parana","entre rios",361,"Jorge Alberto Farina","mayor del Ejercito",1942,"13","tribunal oral federal de parana","Roberto Manuel Lopez Arango","Lilia Graciela Carnero","Juan Carlos Vallejos",2010,"","","Nestor Kirchner","Horacio Rosatti","Masculino","8/26/2004","Carlos Menem","Jorge Maiorano","Femenino","5/27/1993","Cristina Fernandez","Julio Alak","Masculino","1/24/2011",7.156164384,18.41369863,0.739726027,0,69,1,1,0,0,0,1,0,1,0,0,0,0,1,0,0,0,13,0,0,0,3,"life, 13, 10",1,2,5,1982,1977,"Intelligence"
"jorge alberto farina",27,2010,"4/15/2010","rosario","santa fe",361,"Jorge Alberto Farina","mayor del Ejercito",1942,"life","tribunal oral federal de rosario","Otmar Osvaldo Paulucci","Beatriz Caballero de Barabani","Jorge Luis Francisco Venegas Echague",2007,"rosario","santa fe","Carlos Menem","Jorge Maiorano","Masculino","5/31/1993","Eduardo Duhalde","Juan J. Alvarez","Femenino","12/27/2002","Nestor Kirchner","Gustavo Beliz","Masculino","11/5/2003",16.88493151,7.304109589,6.446575342,0,68,3,1,0,0,0,0,0,0,0,0,1,1,0,1,1,0,50,0,0,1,3,"life, 13, 10",1,2,5,1982,1977,"Intelligence"
"jorge alberto farina",114,2013,"12/20/2013","rosario","santa fe",361,"Jorge Alberto Farina","mayor del Ejercito",1942,"10","tribunal oral federal no. 1 de rosario","Roberto Manuel Lopez Arango","Lilia Graciela Carnero","Noemi Marta Berros",2009,"","","Nestor Kirchner","Horacio Rosatti","Masculino","8/26/2004","Carlos Menem","Jorge Maiorano","Femenino","5/27/1993","Cristina Fernandez","Julio Alak","Femenino","11/21/2011",9.323287671,20.58082192,2.082191781,0,71,4,1,0,0,0,1,0,1,0,0,0,0,1,0,0,0,10,0,0,0,3,"life, 13, 10",1,2,5,1982,1977,"Intelligence"
"jorge carlos olivera rovere",21,2009,"10/23/2009","capital federal","capital federal",368,"Jorge Carlos Olivera Rovere","Deputy Commander of the First Army Corps of the Argentinean army, Secretary General of the Army",1926,"life","tribunal oral federal capital federal no. 5","Daniel Horacio Obligado","Guillermo Andres Gordo","Ricardo Luis Farias",2006,"capital federal","capital federal","Nestor Kirchner","Alberto Iribarne","Masculino","8/29/2007","Carlos Menem","Jorge Maiorano","Masculino","6/2/1993","Carlos Menem","Jorge Maiorano","Masculino","7/7/1993",2.153424658,16.40273973,16.30684932,0,83,3,0,1,1,0,0,0,1,1,1,0,0,0,0,0,0,50,0,0,1,1,"life",4,2,925,1976,1976,"Army"
"jorge enrique mansueto swendsen",76,2012,"9/12/2012","bahia blanca","buenos aires",375,"Jorge Enrique Mansueto Swendsen","coronel",1931,"life","tribunal oral federal de bahia blanca","Jorge Ferro","Jose Mario Tripputi","Martin Bava",2012,"","","Carlos Menem","Leon Arslanian","Masculino","9/2/1991","Carlos Menem","Jorge Maiorano","Masculino","5/31/1993","Cristina Fernandez","Julio Alak","Masculino","8/31/2009",21.04383562,19.29863014,3.035616438,0,81,0,1,0,0,0,1,0,1,0,1,1,0,0,0,0,0,50,0,0,1,1,"life",3,1,34,1983,1977,"Army"
"jorge horacio granada",76,2012,"9/12/2012","bahia blanca","buenos aires",382,"Jorge Horacio Granada","teniente coronel",1945,"life","tribunal oral federal de bahia blanca","Jorge Ferro","Jose Mario Tripputi","Martin Bava",2012,"","","Carlos Menem","Leon Arslanian","Masculino","9/2/1991","Carlos Menem","Jorge Maiorano","Masculino","5/31/1993","Cristina Fernandez","Julio Alak","Masculino","8/31/2009",21.04383562,19.29863014,3.035616438,0,67,0,1,0,0,0,1,0,1,0,1,1,0,0,0,0,0,50,0,0,1,1,"life",3,2,1,1983,1982,"Intelligence"
"jorge raul crespi",131,2014,"12/18/2014","capital federal","capital federal",394,"Jorge Raul Crespi","coronel",1933,"life","tribunal oral federal capital no. 4","Nestor Guillermo Costabel","Horacio Ernesto Barberis","Eduardo Carlos Fernandez",2012,"","","Cristina Fernandez","Julio Alak","Masculino","9/9/2011","Carlos Menem","Jorge Maiorano","Masculino","6/16/1993","Nestor Kirchner","Alberto Iribarne","Masculino","8/7/2005",3.276712329,21.52054795,9.369863014,0,81,2,1,1,1,0,0,0,1,0,0,0,0,0,0,1,0,50,0,0,1,1,"life",2,1,0,1980,1979,"Army"
"jose maria gonzalez",62,2011,"12/7/2011","santa fe","santa fe",425,"Jose Maria Gonzalez","coronel",1927,"life","tribunal oral federal de santa fe","Jose Maria Escobar Cello","Maria Ivon Vella","Lilia Graciela Carnero",2010,"santa fe","santa fe","Carlos Menem","Jorge Maiorano","Masculino","2/16/1994","Eduardo Duhalde","Juan J. Alvarez","Femenino","4/28/2003","Carlos Menem","Jorge Maiorano","Femenino","5/27/1993",17.81643836,8.616438356,18.54246575,0,84,1,1,0,0,0,0,0,0,1,1,1,0,0,1,0,0,50,0,0,1,2,"life, apartado por salud",3,1,44,1976,1976,"Army"
"jose maria gonzalez",125,2014,"10/1/2014","santa fe","santa fe",425,"Jose Maria Gonzalez","coronel",1927,"apartado por salud","tribunal oral federal de santa fe","Luciano Homero Lauria","Jose Maria Escobar Cello","Maria Ivon Vella",2012,"santa fe","santa fe","Cristina Fernandez","Julio Alak","Masculino","11/26/2013","Carlos Menem","Jorge Maiorano","Masculino","2/16/1994","Eduardo Duhalde","Juan J. Alvarez","Femenino","4/28/2003",0.846575342,20.63561644,11.43561644,0,87,2,1,1,1,0,0,0,1,0,0,0,0,0,0,1,0,0,0,0,0,2,"life, apartado por salud",3,1,44,1976,1976,"Army"
"juan avelino rodriguez",163,2016,"5/27/2016","capital federal","capital federal",448,"Juan Avelino Rodriguez","jefe de area 331",1928,"acquitted","tribunal oral federal no. 1 capital federal","Oscar Ricardo Almirante","Adrian Federico Grunberg","Pablo Gustavo Laufer",2012,"","","Cristina Fernandez","Julio Alak","Masculino","8/18/2009","Cristina Fernandez","Julio Alak","Masculino","8/18/2009","Cristina Fernandez","Julio Alak","Masculino","9/9/2011",6.778082192,6.778082192,4.717808219,0,88,4,1,1,1,1,1,1,0,0,0,0,0,0,0,0,1,0,0,1,0,1,"acquitted",3,1,15,1979,1978,"Army"
"juan carlos medrano caro",164,2016,"7/27/2016","paso de los libres","corrientes",467,"Juan Carlos Medrano Caro","teniente coronel",1933,"3","tribunal oral federal de corrientes","Victor Antonio Alonso","Lucrecia M. Rojas de Badaro","Fermin Amado Ceroleni",2012,"","","Carlos Menem","Rodolfo Barra","Masculino","8/16/1995","Carlos Menem","Rodolfo Barra","Femenino","8/17/1995","Cristina Fernandez","Julio Alak","Masculino","11/12/2012",20.96164384,20.95890411,3.706849315,0,83,4,1,0,0,0,1,0,1,0,1,1,0,0,0,0,0,3,0,0,0,1,"3",3,2,5,1983,1976,"Army"
"julio alberto tommasi",65,2012,"3/16/2012","azul","buenos aires",495,"Julio Alberto Tommasi","coronel",1930,"life","tribunal oral federal mar del plata","Roberto Atilio Falcone","Mario Alberto Portela","Nestor Ruben Parra",2008,"tandil","buenos aires","Carlos Menem","Jorge Maiorano","Masculino","10/6/1993","Carlos Menem","Jorge Maiorano","Masculino","12/22/1993","Carlos Menem","Jorge Maiorano","Masculino","2/23/1994",18.45479452,18.24383562,18.07123288,0,82,4,1,0,0,0,0,0,1,1,1,1,0,0,0,0,0,50,0,0,1,1,"life",2,1,7,1978,1977,"Army"
"luciano benjamin menendez",95,2013,"5/3/2013","san salvador de jujuy","jujuy",520,"Luciano Benjamin Menendez","general, jefe del Tercer Cuerpo del Ejercito",1927,"separado del juicio por razones de salud","tribunal oral federal de jujuy","Rene Vicente Casas","Mario Marcelo Juarez Almaraz","Daniel Emilio Morin",2012,"","","Carlos Menem","Jorge Maiorano","Masculino","4/27/1994","Cristina Fernandez","Julio Alak","Masculino","11/21/2011","Cristina Fernandez","Julio Alak","Masculino","11/5/2013",19.03013699,1.449315068,-0.509589041,0,86,1,1,0,0,1,1,1,0,0,0,1,0,0,0,0,0,0,0,0,0,18,"life, life, life, life, life, life, separado del juicio, , life, separado del juicio por razones de salud, 20, 12, separado por razones de salud, life, life, life, life, life",4,3,1737,1979,1976,"Army"
"luciano benjamin menendez",159,2016,"3/30/2016","san luis","san luis",520,"Luciano Benjamin Menendez","general, jefe del Tercer Cuerpo del Ejercito",1927,"life","tribunal oral federal de san luis","Oscar Alberto Hergott","Marcelo Roberto Alvero","Hector Fabian Cortes",2012,"","san luis","Nestor Kirchner","Horacio Rosatti","Masculino","8/17/2005","Cristina Fernandez","Anibal Fernandez","Masculino","3/26/2008","Nestor Kirchner","Horacio Rosatti","Masculino","8/26/2004",10.62465753,8.016438356,11.6,0,89,4,1,0,0,1,0,0,0,0,0,0,1,1,0,1,0,50,0,0,1,18,"life, life, life, life, life, life, separado del juicio, , life, separado del juicio por razones de salud, 20, 12, separado por razones de salud, life, life, life, life, life",4,3,1737,1979,1976,"Army"
"luciano benjamin menendez",23,2009,"12/11/2009","cordoba","cordoba",520,"Luciano Benjamin Menendez","general, jefe del Tercer Cuerpo del Ejercito",1927,"life","tribunal oral federal no. 1 de cordoba","Jaime Diaz Gavier","Sergio Arturo Anibal Grimaux","Jose Camilo Quiroga Uriburu",2009,"villa carlos paz","cordoba","Carlos Menem","Jorge Maiorano","Masculino","5/24/1993","Carlos Menem","Jorge Maiorano","Masculino","5/4/1994","Carlos Menem","Jorge Maiorano","Masculino","5/4/1994",16.56164384,15.61643836,15.61643836,0,82,0,1,0,0,0,0,0,1,1,1,1,0,0,0,0,0,50,0,0,1,18,"life, life, life, life, life, life, separado del juicio, , life, separado del juicio por razones de salud, 20, 12, separado por razones de salud, life, life, life, life, life",4,3,1737,1979,1976,"Army"
"luciano benjamin menendez",30,2010,"7/8/2010",NA,"tucuman",520,"Luciano Benjamin Menendez","general, jefe del Tercer Cuerpo del Ejercito",1927,"life","tribunal oral federal de tucuman","Gabriel Eduardo Casas","Carlos Enrique Ignacio Jimenez Montilla","Josefina Curi",2009,"","","Carlos Menem","Jorge Maiorano","Masculino","12/22/1993","Carlos Menem","Jorge Maiorano","Masculino","2/12/1994","Carlos Menem","Rodolfo Barra","Femenino","8/17/1995",16.55342466,16.4109589,14.90136986,0,83,1,1,0,0,0,0,0,1,1,1,1,0,0,0,0,0,50,0,0,1,18,"life, life, life, life, life, life, separado del juicio, , life, separado del juicio por razones de salud, 20, 12, separado por razones de salud, life, life, life, life, life",4,3,1737,1979,1976,"Army"
"luciano benjamin menendez",165,2016,"8/25/2016","cordoba","cordoba",520,"Luciano Benjamin Menendez","general, jefe del Tercer Cuerpo del Ejercito",1927,"life","tribunal oral federal no. 1 de cordoba","Jaime Diaz Gavier","Julian Falcucci","Jose Camilo Quiroga Uriburu",2009,"malagueno","cordoba","Carlos Menem","Jorge Maiorano","Masculino","5/24/1993","Cristina Fernandez","Julio Alak","Masculino","11/21/2011","Carlos Menem","Jorge Maiorano","Masculino","5/4/1994",23.27123288,4.764383562,22.3260274,0,89,7,1,0,0,1,0,0,0,1,1,1,0,0,0,0,0,50,0,0,1,18,"life, life, life, life, life, life, separado del juicio, , life, separado del juicio por razones de salud, 20, 12, separado por razones de salud, life, life, life, life, life",4,3,1737,1979,1976,"Army"
"luciano benjamin menendez",161,2016,"4/29/2016","la rioja","la rioja",520,"Luciano Benjamin Menendez","general, jefe del Tercer Cuerpo del Ejercito",1927,"life","tribunal oral federal de la rioja","Juan Carlos Reynaga","Carlos Enrique Ignacio Jimenez Montilla","Gabriel Eduardo Casas",2014,"","la rioja","Cristina Fernandez","Julio Alak","Masculino","11/21/2011","Carlos Menem","Jorge Maiorano","Masculino","2/12/1994","Carlos Menem","Jorge Maiorano","Masculino","12/22/1993",4.44109589,22.22465753,22.36712329,0,89,2,1,1,1,0,0,0,1,1,1,0,0,0,0,0,0,50,0,0,1,18,"life, life, life, life, life, life, separado del juicio, , life, separado del juicio por razones de salud, 20, 12, separado por razones de salud, life, life, life, life, life",4,3,1737,1979,1976,"Army"
"luciano benjamin menendez",141,2015,"6/1/2015","cordoba","cordoba",520,"Luciano Benjamin Menendez","general, jefe del Tercer Cuerpo del Ejercito",1927,"life","tribunal oral federal no. 2 de cordoba","Jose Vicente Muscara","Mario Eugenio Garzon","Juan Carlos Reynaga",2011,"cordoba","cordoba","Carlos Menem","Jorge Maiorano","Masculino","5/24/1993","Cristina Fernandez","Julio Alak","Masculino","9/9/2011","Cristina Fernandez","Julio Alak","Masculino","11/21/2011",22.03561644,3.728767123,3.528767123,0,88,4,1,0,0,1,1,1,0,0,0,1,0,0,0,0,0,50,0,0,1,18,"life, life, life, life, life, life, separado del juicio, , life, separado del juicio por razones de salud, 20, 12, separado por razones de salud, life, life, life, life, life",4,3,1737,1979,1976,"Army"
"luciano benjamin menendez",121,2014,"7/4/2014","la rioja","la rioja",520,"Luciano Benjamin Menendez","general, jefe del Tercer Cuerpo del Ejercito",1927,"life","tribunal federal oral de la rioja","Jose Camilo Quiroga Uriburu","Carlos Julio Lascano","Juan Carlos Reynaga",2012,"","","Carlos Menem","Jorge Maiorano","Masculino","5/4/1994","Cristina Fernandez","Julio Alak","Masculino","8/31/2009","Cristina Fernandez","Julio Alak","Masculino","11/21/2011",20.18082192,4.843835616,2.619178082,0,87,2,1,0,0,1,1,1,0,0,0,1,0,0,0,0,0,50,0,0,1,18,"life, life, life, life, life, life, separado del juicio, , life, separado del juicio por razones de salud, 20, 12, separado por razones de salud, life, life, life, life, life",4,3,1737,1979,1976,"Army"
"luciano benjamin menendez",41,2010,"12/22/2010","cordoba","cordoba",520,"Luciano Benjamin Menendez","general, jefe del Tercer Cuerpo del Ejercito",1927,"life","tribunal oral federal no. 1 de cordoba","Jaime Diaz Gavier","Carlos Julio Lascano","Jose Maria Perez Villalobo",2009,"cordoba","cordoba","Carlos Menem","Jorge Maiorano","Masculino","5/24/1993","Cristina Fernandez","Julio Alak","Masculino","8/31/2009","Carlos Menem","Rodolfo Barra","Masculino","7/25/1995",17.59178082,1.309589041,15.42191781,0,83,1,1,0,0,1,0,0,0,1,1,1,0,0,0,0,0,50,0,0,1,18,"life, life, life, life, life, life, separado del juicio, , life, separado del juicio por razones de salud, 20, 12, separado por razones de salud, life, life, life, life, life",4,3,1737,1979,1976,"Army"
"luciano benjamin menendez",61,2011,"12/5/2011","salta","salta",NA,"Luciano Benjamin Menendez","general, jefe del Tercer Cuerpo del Ejercito",1927,"life","juzgado nacional criminal federal no. 1 de salta","Julio Leonardo Bavio",NA,NA,2009,"","salta","Cristina Fernandez","Julio Alak","Masculino","8/30/2011",NA,NA,NA,NA,NA,NA,NA,NA,0.265753425,NA,NA,0,84,2,1,1,1,0,0,0,0,0,0,0,0,0,0,0,0,50,0,0,1,18,"life, life, life, life, life, life, separado del juicio, , life, separado del juicio por razones de salud, 20, 12, separado por razones de salud, life, life, life, life, life",4,3,1737,1979,1976,"Army"
"luciano benjamin menendez",60,2011,"12/2/2011",NA,"tucuman",520,"Luciano Benjamin Menendez","general, jefe del Tercer Cuerpo del Ejercito",1927,"separado del juicio","tribunal oral federal de tucuman","Carlos Enrique Ignacio Jimenez Montilla","Gabriel Eduardo Casas","Jaime Diaz Gavier",2011,"","","Carlos Menem","Jorge Maiorano","Masculino","2/12/1994","Carlos Menem","Jorge Maiorano","Masculino","12/22/1993","Carlos Menem","Jorge Maiorano","Masculino","5/24/1993",17.81369863,17.95616438,18.5369863,0,84,0,1,0,0,0,0,0,1,1,1,1,0,0,0,0,0,0,0,0,0,18,"life, life, life, life, life, life, separado del juicio, , life, separado del juicio por razones de salud, 20, 12, separado por razones de salud, life, life, life, life, life",4,3,1737,1979,1976,"Army"
"luciano benjamin menendez",82,2012,"12/7/2012","la rioja","la rioja",520,"Luciano Benjamin Menendez","general, jefe del Tercer Cuerpo del Ejercito",1927,"life","tribunal oral federal de la rioja","Jose Camilo Quiroga Uriburu","Jaime Diaz Gavier","Carlos Julio Lascano",2009,"","","Carlos Menem","Jorge Maiorano","Masculino","5/4/1994","Carlos Menem","Jorge Maiorano","Masculino","5/24/1993","Cristina Fernandez","Julio Alak","Masculino","8/31/2009",18.60821918,19.55342466,3.271232877,0,85,3,1,0,0,0,1,0,1,0,1,1,0,0,0,0,0,50,0,0,1,18,"life, life, life, life, life, life, separado del juicio, , life, separado del juicio por razones de salud, 20, 12, separado por razones de salud, life, life, life, life, life",4,3,1737,1979,1976,"Army"
"luciano benjamin menendez",45,2011,"3/23/2011",NA,"tucuman",520,"Luciano Benjamin Menendez","general, jefe del Tercer Cuerpo del Ejercito",1927,"life","tribunal oral federal de tucuman","Gabriel Eduardo Casas","Carlos Enrique Ignacio Jimenez Montilla","Jose Maria Perez Villalobo",2009,"san miguel de tucuman","tucuman","Carlos Menem","Jorge Maiorano","Masculino","12/22/1993","Carlos Menem","Jorge Maiorano","Masculino","2/12/1994","Carlos Menem","Rodolfo Barra","Masculino","7/25/1995",17.26027397,17.11780822,15.67123288,0,84,2,1,0,0,0,0,0,1,1,1,1,0,0,0,0,0,50,0,0,1,18,"life, life, life, life, life, life, separado del juicio, , life, separado del juicio por razones de salud, 20, 12, separado por razones de salud, life, life, life, life, life",4,3,1737,1979,1976,"Army"
"luciano benjamin menendez",109,2013,"12/12/2013","san miguel de tucuman","tucuman",520,"Luciano Benjamin Menendez","general, jefe del Tercer Cuerpo del Ejercito",1927,"12","tribunal oral federal de tucuman","Gabriel Eduardo Casas","Carlos Enrique Ignacio Jimenez Montilla","Juan Carlos Reynaga",2012,"monteros","tucuman","Carlos Menem","Jorge Maiorano","Masculino","12/22/1993","Carlos Menem","Jorge Maiorano","Masculino","2/12/1994","Cristina Fernandez","Julio Alak","Masculino","11/21/2011",19.98630137,19.84383562,2.060273973,0,86,1,1,0,0,0,1,0,1,0,1,1,0,0,0,0,0,12,0,0,0,18,"life, life, life, life, life, life, separado del juicio, , life, separado del juicio por razones de salud, 20, 12, separado por razones de salud, life, life, life, life, life",4,3,1737,1979,1976,"Army"
"luciano benjamin menendez",11,2008,"9/4/2008",NA,"tucuman",520,"Luciano Benjamin Menendez","army general",1927,"life","tribunal oral federal de tucuman","Carlos Enrique Ignacio Jimenez Montilla","Gabriel Eduardo Casas","Josefina Curi",2008,"","","Carlos Menem","Jorge Maiorano","Masculino","2/12/1994","Carlos Menem","Jorge Maiorano","Masculino","12/22/1993","Carlos Menem","Rodolfo Barra","Femenino","8/17/1995",14.56986301,14.71232877,13.06027397,0,81,0,1,0,0,0,0,0,1,1,1,1,0,0,0,0,0,50,0,0,1,18,"life, life, life, life, life, life, separado del juicio, , life, separado del juicio por razones de salud, 20, 12, separado por razones de salud, life, life, life, life, life",4,3,1737,1979,1976,"Army"
"luciano benjamin menendez",106,2013,"10/25/2013","la rioja","la rioja",520,"Luciano Benjamin Menendez","general, jefe del Tercer Cuerpo del Ejercito",1927,"20","tribunal oral federal de la rioja","Jose Camilo Quiroga Uriburu","Jaime Diaz Gavier","Karina Rosario Perilli",2012,"","","Carlos Menem","Jorge Maiorano","Masculino","5/4/1994","Carlos Menem","Jorge Maiorano","Masculino","5/24/1993","Cristina Fernandez","Julio Alak","Femenino","7/5/2010",19.49041096,20.43561644,3.309589041,0,86,1,1,0,0,0,1,0,1,0,1,1,0,0,0,0,0,20,0,0,0,18,"life, life, life, life, life, life, separado del juicio, , life, separado del juicio por razones de salud, 20, 12, separado por razones de salud, life, life, life, life, life",4,3,1737,1979,1976,"Army"
"luciano benjamin menendez",9,2008,"7/24/2008","cordoba","cordoba",520,"Luciano Benjamin Menendez","army general; head of Army third division 1975-79 with jurisdiction in 10 provinces",1927,"life","tribunal oral federal no.1 de cordoba","Jaime Diaz Gavier","Carlos Otero Alvarez","Jose Vicente Muscara",2008,"","","Carlos Menem","Jorge Maiorano","Masculino","5/24/1993","Carlos Menem","Jorge Maiorano","Masculino","5/24/1993","Carlos Menem","Jorge Maiorano","Masculino","5/24/1993",15.17808219,15.17808219,15.17808219,0,81,0,1,0,0,0,0,0,1,1,1,1,0,0,0,0,0,50,0,0,1,18,"life, life, life, life, life, life, separado del juicio, , life, separado del juicio por razones de salud, 20, 12, separado por razones de salud, life, life, life, life, life",4,3,1737,1979,1976,"Army"
"luciano benjamin menendez",110,2013,"12/13/2013","san miguel de tucuman","tucuman",520,"Luciano Benjamin Menendez","general, jefe del Tercer Cuerpo del Ejercito",1927,"separado por razones de salud","tribunal oral federal de tucuman","Carlos Enrique Ignacio Jimenez Montilla","Gabriel Eduardo Casas","Juan Carlos Reynaga",2012,"","","Carlos Menem","Jorge Maiorano","Masculino","2/12/1994","Carlos Menem","Jorge Maiorano","Masculino","12/22/1993","Cristina Fernandez","Julio Alak","Masculino","11/21/2011",19.84657534,19.9890411,2.063013699,0,86,1,1,0,0,0,1,0,1,0,1,1,0,0,0,0,0,0,0,0,0,18,"life, life, life, life, life, life, separado del juicio, , life, separado del juicio por razones de salud, 20, 12, separado por razones de salud, life, life, life, life, life",4,3,1737,1979,1976,"Army"
"luis americo munoz",162,2016,"5/4/2016","rosario","santa fe",530,"Luis Americo Munoz","coronel",1937,"life","tribunal oral federal no. 2 de rosario","Beatriz Caballero de Barabani","Omar R.A. Digeronimo","Jorge Luis Francisco Venegas Echague",2013,"","","Eduardo Duhalde","Juan J. Alvarez","Femenino","12/27/2002","Eduardo Duhalde","Juan J. Alvarez","Masculino","12/9/2002","Nestor Kirchner","Gustavo Beliz","Masculino","11/5/2003",13.36164384,13.4109589,12.50410959,0,79,3,1,0,0,0,0,0,0,0,0,0,1,1,1,1,0,50,0,0,1,1,"life",1,2,235,1979,1978,"Intelligence"
"luis sadi pepa",91,2013,"3/12/2013","general san martin","buenos aires",551,"Luis Sadi Pepa","Coronel, Director de la Escuela de Comunicaciones dependiente del Comando de Institutos Militares",1926,"life","tribunal oral federal no. 1 de san martin","Hector Omar Sagretti","Daniel Alberto Cisneros","Daniel Antonio Petrone",2010,"","","Nestor Kirchner","Alberto Iribarne","Masculino","4/17/2006","Carlos Menem","Jorge Maiorano","Masculino","7/7/1993","Cristina Fernandez","Julio Alak","Masculino","9/9/2011",6.906849315,19.69315068,1.506849315,0,87,3,0,1,1,0,1,1,1,0,0,0,0,0,0,0,0,50,0,0,1,3,"life, 17",3,1,140,1977,1976,"Army"
"luis sadi pepa",126,2014,"10/7/2014","general san martin","buenos aires",551,"Luis Sadi Pepa","Coronel, Director de la Escuela de Comunicaciones dependiente del Comando de Institutos Militares",1926,"17","tribunal oral no. 1 de san martin","Hector Omar Sagretti","Marta Isabel Milloc","Diego Gustavo Barroetavena",2010,"","","Nestor Kirchner","Alberto Iribarne","Masculino","4/17/2006","Carlos Menem","Jorge Maiorano","Femenino","6/2/1994","Nestor Kirchner","Horacio Rosatti","Masculino","6/22/2005",8.479452055,20.36164384,9.298630137,0,88,4,0,1,1,0,0,0,1,0,0,0,0,0,0,1,0,17,0,0,0,3,"life, 17",3,1,140,1977,1976,"Army"
"luis sadi pepa",163,2016,"5/27/2016","capital federal","capital federal",795,"Luis Sadi Pepa","Coronel, Director de la Escuela de Comunicaciones dependiente del Comando de Institutos Militares",1926,"12","tribunal oral federal no. 1 capital federal","Oscar Ricardo Almirante","Adrian Federico Grunberg","Pablo Gustavo Laufer",2012,"","","Cristina Fernandez","Julio Alak","Masculino","8/18/2009","Cristina Fernandez","Julio Alak","Masculino","8/18/2009","Cristina Fernandez","Julio Alak","Masculino","9/9/2011",6.778082192,6.778082192,4.717808219,0,90,4,0,1,1,1,1,1,0,0,0,0,0,0,0,0,0,12,0,0,0,3,"life, 17",3,1,140,1977,1976,"Army"
"luis santiago martella",165,2016,"8/25/2016","cordoba","cordoba",552,"Luis Santiago Martella","general de brigada",1928,"life","tribunal oral federal no. 1 de cordoba","Jaime Diaz Gavier","Julian Falcucci","Jose Camilo Quiroga Uriburu",NA,"","","Carlos Menem","Jorge Maiorano","Masculino","5/24/1993","Cristina Fernandez","Julio Alak","Masculino","11/21/2011","Carlos Menem","Jorge Maiorano","Masculino","5/4/1994",23.27123288,4.764383562,22.3260274,0,88,NA,1,0,0,1,0,0,0,1,1,1,0,0,0,0,0,50,0,0,1,1,"life",4,2,69,1980,1978,"Army"
"manuel fernando saint amant",144,2015,"6/25/2015","san nicolas de los arroyos (rosario?)","buenos aires (check?)",557,"Manuel Fernando Saint Amant","coronel",1929,"life","tribunal oral federal no.1 de rosario","Otmar Osvaldo Paulucci","Ricardo Moises Vasquez","Jose Maria Escobar Cello",2011,"san nicolas de los arroyos","buenos aires","Carlos Menem","Jorge Maiorano","Masculino","5/31/1993","Cristina Fernandez","Anibal Fernandez","Masculino","10/9/2008","Carlos Menem","Jorge Maiorano","Masculino","2/16/1994",22.08219178,6.712328767,21.36712329,0,86,4,1,0,0,1,0,0,0,1,1,1,0,0,0,0,0,50,0,0,1,1,"life",2,1,45,1977,1976,"Army"
"mario alberto gomez arenas",116,2014,"5/14/2014","neuquen","neuquen",575,"Mario Alberto Gomez Arenas","jefe del departamento de inteligencia 181 en Neuquen, segundo jefe del Batallon 601",1931,"25","tribunal oral federal de neuquen","Leonidas J.G. Moldes","Richar F. Gallego","Diego Gustavo Barroetavena",2012,"","","Carlos Menem","Leon Arslanian","Masculino","6/25/1990","Cristina Fernandez","Julio Alak","Masculino","10/4/2012","Nestor Kirchner","Horacio Rosatti","Masculino","6/22/2005",23.90136986,1.608219178,8.898630137,0,83,2,1,0,0,1,0,0,0,0,0,1,0,0,0,1,0,25,0,0,0,2,"25, 25",2,2,66,1981,1976,"Intelligence"
"mario alberto gomez arenas",13,2008,"12/18/2008",NA,"neuquen",575,"Mario Alberto Gomez Arenas","ex jefe de Inteligencia del Destacamento 182",1931,"25","tribunal oral federal de neuquen","Orlando Arcangel Coscia","Eugenio Krom","Oscar Albrieu",2008,"","","Nestor Kirchner","Horacio Rosatti","Masculino","8/2/2004","Carlos Menem","Jorge Maiorano","Masculino","1/19/1994","Carlos Menem","Jorge Maiorano","Masculino","5/31/1993",4.380821918,14.92328767,15.56164384,0,77,0,1,0,0,0,0,0,1,1,1,0,0,1,0,0,0,25,0,0,0,2,"25, 25",2,2,66,1981,1976,"Intelligence"
"naldo miguel dasso",88,2012,"12/27/2012","concepcion del uruguay","entre rios",619,"Naldo Miguel Dasso","Teniente Coronel, Jefe del Regimiento de Caballeria de Tanques 6 Blandengues con asiento en Concordia, Jefe del Area de defensa 225",1931,"life","tribunal oral federal de parana","Lilia Graciela Carnero","Roberto Manuel Lopez Arango","Noemi Marta Berros",2010,"","","Carlos Menem","Jorge Maiorano","Femenino","5/27/1993","Nestor Kirchner","Horacio Rosatti","Masculino","8/26/2004","Cristina Fernandez","Julio Alak","Femenino","11/21/2011",19.6,8.342465753,1.101369863,0,81,2,0,0,0,0,1,0,0,0,0,1,0,0,1,0,0,50,0,0,1,1,"life",2,1,4,1977,1976,"Army"
"nestor horacio falcon",163,2016,"5/27/2016","capital federal","capital federal",625,"Nestor Horacio Falcon","jefe de area 116",1930,"12","tribunal oral federal no. 1 capital federal","Oscar Ricardo Almirante","Adrian Federico Grunberg","Pablo Gustavo Laufer",2012,"","","Cristina Fernandez","Julio Alak","Masculino","8/18/2009","Cristina Fernandez","Julio Alak","Masculino","8/18/2009","Cristina Fernandez","Julio Alak","Masculino","9/9/2011",6.778082192,6.778082192,4.717808219,0,86,4,1,1,1,1,1,1,0,0,0,0,0,0,0,0,0,12,0,0,0,1,"12",3,1,60,1977,1977,"Army"
"nestor ruben castelli",169,2016,"9/30/2016","neuquen","neuquen",629,"Nestor Ruben Castelli","coronel",NA,"5","tribunal oral federal de neuquen","Alejandro Adrian Silva","Guido Sebastian Otranto","Marcos Javier Aguerrido",2012,"","","Cristina Fernandez","Julio Alak","Masculino","11/11/2014","Cristina Fernandez","Julio Alak","Masculino","9/9/2011","Cristina Fernandez","Julio Alak","Masculino","10/4/2012",1.887671233,5.063013699,3.991780822,0,NA,4,1,1,1,1,1,1,0,0,0,0,0,0,0,0,0,5,0,0,0,1,"5.167 (5 years, 2 months",3,1,1,1977,1976,"Army"
"norberto ricardo ferrero",144,2015,"6/25/2015","san nicolas de los arroyos (rosario?)","buenos aires (check?)",638,"Norberto Ricardo Ferrero","teniente coronel",NA,"life","tribunal oral federal no.1 de rosario","Otmar Osvaldo Paulucci","Ricardo Moises Vasquez","Jose Maria Escobar Cello",2011,"","","Carlos Menem","Jorge Maiorano","Masculino","5/31/1993","Cristina Fernandez","Anibal Fernandez","Masculino","10/9/2008","Carlos Menem","Jorge Maiorano","Masculino","2/16/1994",22.08219178,6.712328767,21.36712329,0,NA,4,1,0,0,1,0,0,0,1,1,1,0,0,0,0,0,50,0,0,1,1,"life",2,1,2,1979,1978,"Army"
"osvaldo jorge garcia",28,2010,"4/20/2010","general san martin","buenos aires",379,"Osvaldo Jorge Garcia","colonel",1927,"18","tribunal oral federal de san martin no. 1","Marta Isabel Milloc","Hector Omar Sagretti","Daniel Alberto Cisneros",2008,"","","Carlos Menem","Jorge Maiorano","Femenino","6/2/1994","Nestor Kirchner","Alberto Iribarne","Masculino","4/17/2006","Carlos Menem","Jorge Maiorano","Masculino","7/7/1993",15.89315068,4.010958904,16.79726027,0,83,2,1,0,0,1,0,0,0,1,1,1,0,0,0,0,0,18,0,0,0,2,"18",4,3,12,1983,1978,"Army"
"osvaldo jorge garcia",18,2009,"8/12/2009","general san martin","buenos aires",666,"Osvaldo Jorge Garcia","Colonel",1927,"18","tribunal oral federal no.1 1 de san martin","Lucila E. Larrandart","Marta Isabel Milloc","Hector Omar Sagretti",2009,"san miguel","buenos aires","Carlos Menem","Jorge Maiorano","Femenino","5/12/1993","Carlos Menem","Jorge Maiorano","Femenino","6/2/1994","Nestor Kirchner","Alberto Iribarne","Masculino","4/17/2006",16.2630137,15.20547945,3.323287671,0,82,0,0,0,0,0,1,0,1,0,1,1,0,0,0,0,0,18,0,0,0,2,"18",4,3,12,1983,1978,"Army"
"pascual oscar guerrieri",114,2013,"12/20/2013","rosario","santa fe",669,"Pascual Oscar Guerrieri","segundo jefe del Destacamento de Inteligencia 121, dependiente del II Cuerpo del Ejercito, con asiento en Rosario",1934,"10","tribunal oral federal no. 1 de rosario","Roberto Manuel Lopez Arango","Lilia Graciela Carnero","Noemi Marta Berros",2009,"","","Nestor Kirchner","Horacio Rosatti","Masculino","8/26/2004","Carlos Menem","Jorge Maiorano","Femenino","5/27/1993","Cristina Fernandez","Julio Alak","Femenino","11/21/2011",9.323287671,20.58082192,2.082191781,0,79,4,1,0,0,0,1,0,1,0,0,0,0,1,0,0,0,10,0,0,0,5,"life, 14, 10, life",3,2,4,1983,1979,"Intelligence"
"pascual oscar guerrieri",5,2007,"12/18/2007","capital federal","capital federal",NA,"Pascual Oscar Guerrieri","coronel del ejercito",1934,"20","juzgado nacional criminal federal no. 4","Ariel Lijo",NA,NA,2006,"","","Nestor Kirchner","Horacio Rosatti","Masculino","10/7/2004",NA,NA,NA,NA,NA,NA,NA,NA,3.197260274,NA,NA,0,73,1,1,0,0,0,0,0,0,0,0,0,0,1,0,0,0,20,0,0,0,5,"life, 14, 10, life",3,2,4,1983,1979,"Intelligence"
"pascual oscar guerrieri",56,2011,"10/21/2011","parana","entre rios",669,"Pascual Oscar Guerrieri","segundo jefe del Destacamento de Inteligencia 121, dependiente del II Cuerpo del Ejercito, con asiento en Rosario",1934,"14","tribunal oral federal de parana","Roberto Manuel Lopez Arango","Lilia Graciela Carnero","Juan Carlos Vallejos",2010,"","","Nestor Kirchner","Horacio Rosatti","Masculino","8/26/2004","Carlos Menem","Jorge Maiorano","Femenino","5/27/1993","Cristina Fernandez","Julio Alak","Masculino","1/24/2011",7.156164384,18.41369863,0.739726027,0,77,1,1,0,0,0,1,0,1,0,0,0,0,1,0,0,0,14,0,0,0,5,"life, 14, 10, life",3,2,4,1983,1979,"Intelligence"
"pascual oscar guerrieri",162,2016,"5/4/2016","rosario","santa fe",669,"Pascual Oscar Guerrieri","coronel",1934,"life","tribunal oral federal no. 2 de rosario","Beatriz Caballero de Barabani","Omar R.A. Digeronimo","Jorge Luis Francisco Venegas Echague",2013,"","","Eduardo Duhalde","Juan J. Alvarez","Femenino","12/27/2002","Eduardo Duhalde","Juan J. Alvarez","Masculino","12/9/2002","Nestor Kirchner","Gustavo Beliz","Masculino","11/5/2003",13.36164384,13.4109589,12.50410959,0,82,3,1,0,0,0,0,0,0,0,0,0,1,1,1,1,0,50,0,0,1,5,"life, 14, 10, life",3,2,4,1983,1979,"Intelligence"
"pascual oscar guerrieri",27,2010,"4/15/2010","rosario","santa fe",669,"Pascual Oscar Guerrieri","segundo jefe del Destacamento de Inteligencia 121, dependiente del II Cuerpo del Ejercito, con asiento en Rosario",1934,"life","tribunal oral federal de rosario","Otmar Osvaldo Paulucci","Beatriz Caballero de Barabani","Jorge Luis Francisco Venegas Echague",2007,"","","Carlos Menem","Jorge Maiorano","Masculino","5/31/1993","Eduardo Duhalde","Juan J. Alvarez","Femenino","12/27/2002","Nestor Kirchner","Gustavo Beliz","Masculino","11/5/2003",16.88493151,7.304109589,6.446575342,0,76,3,1,0,0,0,0,0,0,0,0,1,1,0,1,1,0,50,0,0,1,5,"life, 14, 10, life",3,2,4,1983,1979,"Intelligence"
"pedro pablo mansilla",17,2009,"7/3/2009","azul","buenos aires",685,"Pedro Pablo Mansilla","General",1932,"life","tribunal oral federal mar del plata ad hoc","Nelson Javier Jarazo","Alejandro Daniel Esmoris","Carlos Alberto Rozanski",NA,"las flores","buenos aires","Fernando De la Rua","Jorge De la Rua","Masculino","12/7/2001","Nestor Kirchner","Horacio Rosatti","Masculino","9/6/2004","Fernando De la Rua","Jorge De la Rua","Masculino","6/14/2001",7.575342466,4.824657534,8.057534247,0,77,NA,0,0,0,0,0,0,0,0,0,0,1,1,1,1,0,50,0,0,1,1,"life",2,1,0,1977,1976,"Army"
"ramon genaro diaz bessone",88,2012,"12/27/2012","concepcion del uruguay","entre rios",704,"Ramon Genaro Diaz Bessone","general",1925,"apartado art.77 C.P.N.","tribunal oral federal de parana","Lilia Graciela Carnero","Roberto Manuel Lopez Arango","Noemi Marta Berros",NA,"","","Carlos Menem","Jorge Maiorano","Femenino","5/27/1993","Nestor Kirchner","Horacio Rosatti","Masculino","8/26/2004","Cristina Fernandez","Julio Alak","Femenino","11/21/2011",19.6,8.342465753,1.101369863,0,87,NA,1,0,0,0,1,0,0,0,0,1,0,0,1,0,0,0,0,0,0,3,"life, separado del juicio (arts. 360 y 365 inc. 5 CPPN, apartado art.77 C.P.N.",4,3,412,1980,1976,"Army"
"ramon genaro diaz bessone",68,2012,"3/26/2012","rosario","santa fe",704,"Ramon Genaro Diaz Bessone","general",1925,"life","tribunal oral no. 2 de rosario","Beatriz Caballero de Barabani","Jorge Luis Francisco Venegas Echague","Otmar Osvaldo Paulucci",2008,"rosario","santa fe","Eduardo Duhalde","Juan J. Alvarez","Femenino","12/27/2002","Nestor Kirchner","Gustavo Beliz","Masculino","11/5/2003","Carlos Menem","Jorge Maiorano","Masculino","5/31/1993",9.252054795,8.394520548,18.83287671,0,87,4,1,0,0,0,0,0,0,1,0,0,1,1,1,0,0,50,0,0,1,3,"life, separado del juicio (arts. 360 y 365 inc. 5 CPPN, apartado art.77 C.P.N.",4,3,412,1980,1976,"Army"
"ramon genaro diaz bessone",87,2012,"12/27/2012","paso de los libres","corrientes",704,"Ramon Genaro Diaz Bessone","general",1925,"separado del juicio (arts. 360 y 365 inc. 5 CPPN)","tribunal oral federal de corrientes","Victor Antonio Alonso","Lucrecia M. Rojas de Badaro","Fermin Amado Ceroleni",2011,"paso de los libres","corrientes","Carlos Menem","Rodolfo Barra","Masculino","8/16/1995","Carlos Menem","Rodolfo Barra","Femenino","8/17/1995","Cristina Fernandez","Julio Alak","Masculino","11/12/2012",17.37808219,17.37534247,0.123287671,0,87,1,1,0,0,0,1,0,1,0,1,1,0,0,0,0,0,0,0,0,0,3,"life, separado del juicio (arts. 360 y 365 inc. 5 CPPN, apartado art.77 C.P.N.",4,3,412,1980,1976,"Army"
"raul angel portillo",87,2012,"12/27/2012","paso de los libres","corrientes",713,"Raul Angel Portillo","coronel, jefe del destacamento de Inteligencia 123 de Paso de los Libres",1929,"16","tribunal oral federal de corrientes","Victor Antonio Alonso","Lucrecia M. Rojas de Badaro","Fermin Amado Ceroleni",2011,"","","Carlos Menem","Rodolfo Barra","Masculino","8/16/1995","Carlos Menem","Rodolfo Barra","Femenino","8/17/1995","Cristina Fernandez","Julio Alak","Masculino","11/12/2012",17.37808219,17.37534247,0.123287671,0,83,1,1,0,0,0,1,0,1,0,1,1,0,0,0,0,0,16,0,0,0,1,"16",2,2,5,1976,1976,"Intelligence"
"reynaldo benito bignone",132,2014,"12/22/2014","capital federal","capital federal",734,"Reynaldo Benito Bignone","general, presidente, comando el Instituto de Estudios Militares en Campo de Mayo",1928,"25","tribunal oral federal capital no. 6","Maria del Carmen Roqueta","Julio Luis Panelo","Jorge Humberto Gettas",2012,"","","Carlos Menem","Jorge Maiorano","Femenino","6/18/1993","Nestor Kirchner","Alberto Iribarne","Masculino","8/29/2007","Eduardo Duhalde","Juan J. Alvarez","Masculino","10/30/2002",21.5260274,7.320547945,12.15342466,1,86,2,1,0,0,1,0,0,0,0,0,1,0,0,0,1,0,25,0,0,0,11,"25, life, 15, 15, life, 23, 23, 25, acquitted, 20, life",4,3,424,1983,1976,"Army"
"reynaldo benito bignone",64,2011,"12/29/2011","capital federal","capital federal",734,"Reynaldo Benito Bignone","general, presidente, comando el Instituto de Estudios Militares en Campo de Mayo",1928,"15","tribunal oral federal no. 2 capital federal","Jorge Luciano Gorini","Pablo Daniel Bertuzzi","Rodrigo Gimenez Uriburu",2011,"moron","buenos aires","Cristina Fernandez","Julio Alak","Masculino","9/9/2011","Cristina Fernandez","Anibal Fernandez","Masculino","12/22/2008","Cristina Fernandez","Julio Alak","Masculino","9/9/2011",0.304109589,3.019178082,0.304109589,0,83,0,1,1,1,1,1,1,0,0,0,0,0,0,0,0,0,15,0,0,0,11,"25, life, 15, 15, life, 23, 23, 25, acquitted, 20, life",4,3,424,1983,1976,"Army"
"reynaldo benito bignone",47,2011,"4/14/2011","general san martin","buenos aires",734,"Reynaldo Benito Bignone","general, presidente, comando el Instituto de Estudios Militares en Campo de Mayo",1928,"life","tribunal oral federal no. 1 de san martin","Lucila E. Larrandart","Hector Omar Sagretti","Maria Lucia Cassain",2009,"","","Carlos Menem","Jorge Maiorano","Femenino","5/12/1993","Nestor Kirchner","Alberto Iribarne","Masculino","4/17/2006","Carlos Menem","Jorge Maiorano","Femenino","7/7/1993",17.93424658,4.994520548,17.78082192,0,83,2,1,0,0,1,0,0,0,1,1,1,0,0,0,0,0,50,0,0,1,11,"25, life, 15, 15, life, 23, 23, 25, acquitted, 20, life",4,3,424,1983,1976,"Army"
"reynaldo benito bignone",28,2010,"4/20/2010","general san martin","buenos aires",734,"Reynaldo Benito Bignone","general, presidente, comando el Instituto de Estudios Militares en Campo de Mayo",1928,"25","tribunal oral federal de san martin no. 1","Marta Isabel Milloc","Hector Omar Sagretti","Daniel Alberto Cisneros",2008,"","","Carlos Menem","Jorge Maiorano","Femenino","6/2/1994","Nestor Kirchner","Alberto Iribarne","Masculino","4/17/2006","Carlos Menem","Jorge Maiorano","Masculino","7/7/1993",15.89315068,4.010958904,16.79726027,0,82,2,1,0,0,1,0,0,0,1,1,1,0,0,0,0,0,25,0,0,0,11,"25, life, 15, 15, life, 23, 23, 25, acquitted, 20, life",4,3,424,1983,1976,"Army"
"reynaldo benito bignone",75,2012,"7/5/2012","capital federal","capital federal",734,"Reynaldo Benito Bignone","general, presidente, comando el Instituto de Estudios Militares en Campo de Mayo",1928,"15","tribunal oral federal de capital no. 6","Maria del Carmen Roqueta","Julio Luis Panelo","Domingo Luis Altieri",2007,"","","Carlos Menem","Jorge Maiorano","Femenino","6/18/1993","Nestor Kirchner","Alberto Iribarne","Masculino","8/29/2007","Cristina Fernandez","Julio Alak","Masculino","9/9/2011",19.06027397,4.854794521,0.821917808,1,84,5,1,0,0,1,1,1,0,0,0,1,0,0,0,0,0,15,0,0,0,11,"25, life, 15, 15, life, 23, 23, 25, acquitted, 20, life",4,3,424,1983,1976,"Army"
"reynaldo benito bignone",91,2013,"3/12/2013","general san martin","buenos aires",734,"Reynaldo Benito Bignone","general, presidente, comando el Instituto de Estudios Militares en Campo de Mayo",1928,"life","tribunal oral federal no. 1 de san martin","Hector Omar Sagretti","Daniel Alberto Cisneros","Daniel Antonio Petrone",2009,"","","Nestor Kirchner","Alberto Iribarne","Masculino","4/17/2006","Carlos Menem","Jorge Maiorano","Masculino","7/7/1993","Cristina Fernandez","Julio Alak","Masculino","9/9/2011",6.906849315,19.69315068,1.506849315,0,85,4,1,1,1,0,1,1,1,0,0,0,0,0,0,0,0,50,0,0,1,11,"25, life, 15, 15, life, 23, 23, 25, acquitted, 20, life",4,3,424,1983,1976,"Army"
"reynaldo benito bignone",163,2016,"5/27/2016","capital federal","capital federal",734,"Reynaldo Benito Bignone","general, presidente, comando el Instituto de Estudios Militares en Campo de Mayo",1928,"20","tribunal oral federal no. 1 capital federal","Oscar Ricardo Almirante","Adrian Federico Grunberg","Pablo Gustavo Laufer",2012,"","","Cristina Fernandez","Julio Alak","Masculino","8/18/2009","Cristina Fernandez","Julio Alak","Masculino","8/18/2009","Cristina Fernandez","Julio Alak","Masculino","9/9/2011",6.778082192,6.778082192,4.717808219,0,88,4,1,1,1,1,1,1,0,0,0,0,0,0,0,0,0,20,0,0,0,11,"25, life, 15, 15, life, 23, 23, 25, acquitted, 20, life",4,3,424,1983,1976,"Army"
"reynaldo benito bignone",176,2017,"3/15/2017","general san martin","buenos aires",734,"Reynaldo Benito Bignone","general, presidente, comando el Instituto de Estudios Militares en Campo de Mayo",1928,"life","tribunal oral federal no. 1 de san martin","Marta Isabel Milloc","Diego Gustavo Barroetavena","Maria Lucia Cassain",2014,"san miguel","buenos aires","Carlos Menem","Jorge Maiorano","Femenino","6/2/1994","Nestor Kirchner","Horacio Rosatti","Masculino","6/22/2005","Carlos Menem","Jorge Maiorano","Femenino","7/7/1993",22.8,11.7369863,23.70410959,0,89,3,1,0,0,0,0,0,0,1,1,1,0,0,1,0,0,50,0,0,1,11,"25, life, 15, 15, life, 23, 23, 25, acquitted, 20, life",4,3,424,1983,1976,"Army"
"reynaldo benito bignone",108,2013,"12/3/2013","general san martin","buenos aires",734,"Reynaldo Benito Bignone","general, presidente, comando el Instituto de Estudios Militares en Campo de Mayo",1928,"23","tribunal oral federal no. 1 de san martin","Hector Omar Sagretti","Marta Isabel Milloc","Daniel Antonio Petrone",2013,"","","Nestor Kirchner","Alberto Iribarne","Masculino","4/17/2006","Carlos Menem","Jorge Maiorano","Femenino","6/2/1994","Cristina Fernandez","Julio Alak","Masculino","9/9/2011",7.635616438,19.51780822,2.235616438,0,85,0,1,1,1,0,1,1,1,0,0,0,0,0,0,0,0,23,0,0,0,11,"25, life, 15, 15, life, 23, 23, 25, acquitted, 20, life",4,3,424,1983,1976,"Army"
"reynaldo benito bignone",126,2014,"10/7/2014","general san martin","buenos aires",734,"Reynaldo Benito Bignone","general, presidente, comando el Instituto de Estudios Militares en Campo de Mayo",1928,"23","tribunal oral no. 1 de san martin","Hector Omar Sagretti","Marta Isabel Milloc","Diego Gustavo Barroetavena",2010,"","","Nestor Kirchner","Alberto Iribarne","Masculino","4/17/2006","Carlos Menem","Jorge Maiorano","Femenino","6/2/1994","Nestor Kirchner","Horacio Rosatti","Masculino","6/22/2005",8.479452055,20.36164384,9.298630137,0,86,4,1,1,1,0,0,0,1,0,0,0,0,0,0,1,0,23,0,0,0,11,"25, life, 15, 15, life, 23, 23, 25, acquitted, 20, life",4,3,424,1983,1976,"Army"
"reynaldo benito bignone",162,2016,"5/4/2016","rosario","santa fe",734,"Reynaldo Benito Bignone","general, presidente, comando el Instituto de Estudios Militares en Campo de Mayo",1928,"acquitted","tribunal oral federal no. 2 de rosario","Beatriz Caballero de Barabani","Omar R.A. Digeronimo","Jorge Luis Francisco Venegas Echague",2013,"","buenos aires","Eduardo Duhalde","Juan J. Alvarez","Femenino","12/27/2002","Eduardo Duhalde","Juan J. Alvarez","Masculino","12/9/2002","Nestor Kirchner","Gustavo Beliz","Masculino","11/5/2003",13.36164384,13.4109589,12.50410959,0,88,3,1,0,0,0,0,0,0,0,0,0,1,1,1,1,1,0,0,1,0,11,"25, life, 15, 15, life, 23, 23, 25, acquitted, 20, life",4,3,424,1983,1976,"Army"
"rodolfo emilio feroglio",163,2016,"5/27/2016","capital federal","capital federal",774,"Rodolfo Emilio Feroglio","coronel",1928,"20","tribunal oral federal no. 1 capital federal","Oscar Ricardo Almirante","Adrian Federico Grunberg","Pablo Gustavo Laufer",2012,"","","Cristina Fernandez","Julio Alak","Masculino","8/18/2009","Cristina Fernandez","Julio Alak","Masculino","8/18/2009","Cristina Fernandez","Julio Alak","Masculino","9/9/2011",6.778082192,6.778082192,4.717808219,0,88,4,1,1,1,1,1,1,0,0,0,0,0,0,0,0,0,20,0,0,0,2,"25, 20",3,1,57,1976,1976,"Army"
"rodolfo emilio feroglio",151,2015,"12/4/2015","general san martin","buenos aires",774,"Rodolfo Emilio Feroglio","coronel",1928,"25","tribunal oral federal no. 1 de san martin","Marta Isabel Milloc","Diego Gustavo Barroetavena","Maria Lucia Cassain",2013,"","","Carlos Menem","Jorge Maiorano","Femenino","6/2/1994","Nestor Kirchner","Horacio Rosatti","Masculino","6/22/2005","Carlos Menem","Jorge Maiorano","Femenino","7/7/1993",21.52054795,10.45753425,22.42465753,0,87,2,1,0,0,0,0,0,0,1,1,1,0,0,1,0,0,25,0,0,0,2,"25, 20",3,1,57,1976,1976,"Army"
"rodolfo jorge rodriguez",162,2016,"5/4/2016","rosario","santa fe",775,"Rodolfo Jorge Rodriguez","coronel",1932,"acquitted","tribunal oral federal no. 2 de rosario","Beatriz Caballero de Barabani","Omar R.A. Digeronimo","Jorge Luis Francisco Venegas Echague",2013,"","","Eduardo Duhalde","Juan J. Alvarez","Femenino","12/27/2002","Eduardo Duhalde","Juan J. Alvarez","Masculino","12/9/2002","Nestor Kirchner","Gustavo Beliz","Masculino","11/5/2003",13.36164384,13.4109589,12.50410959,0,84,3,1,0,0,0,0,0,0,0,0,0,1,1,1,1,1,0,0,1,0,1,"acquitted",2,1,0,1979,1978,"Army"
"santiago omar riveros",126,2014,"10/7/2014","general san martin","buenos aires",800,"Santiago Omar Riveros","general, comandante de Institutos Militares",1923,"life","tribunal oral no. 1 de san martin","Hector Omar Sagretti","Marta Isabel Milloc","Diego Gustavo Barroetavena",2010,"san miguel ","buenos aires","Nestor Kirchner","Alberto Iribarne","Masculino","4/17/2006","Carlos Menem","Jorge Maiorano","Femenino","6/2/1994","Nestor Kirchner","Horacio Rosatti","Masculino","6/22/2005",8.479452055,20.36164384,9.298630137,0,91,4,1,1,1,0,0,0,1,0,0,0,0,0,0,1,0,50,0,0,1,12,"life, 25, life, 20, life, 25, 25, life, life, 25, 25, life",4,3,1100,1978,1976,"Army"
"santiago omar riveros",47,2011,"4/14/2011","general san martin","buenos aires",800,"Santiago Omar Riveros","general, comandante de Institutos Militares",1923,"life","tribunal oral federal no. 1 de san martin","Lucila E. Larrandart","Hector Omar Sagretti","Maria Lucia Cassain",2009,"escobar","buenos aires","Carlos Menem","Jorge Maiorano","Femenino","5/12/1993","Nestor Kirchner","Alberto Iribarne","Masculino","4/17/2006","Carlos Menem","Jorge Maiorano","Femenino","7/7/1993",17.93424658,4.994520548,17.78082192,0,88,2,1,0,0,1,0,0,0,1,1,1,0,0,0,0,0,50,0,0,1,12,"life, 25, life, 20, life, 25, 25, life, life, 25, 25, life",4,3,1100,1978,1976,"Army"
"santiago omar riveros",163,2016,"5/27/2016","capital federal","capital federal",800,"Santiago Omar Riveros","general de division",1923,"25","tribunal oral federal no. 1 capital federal","Oscar Ricardo Almirante","Adrian Federico Grunberg","Pablo Gustavo Laufer",2007,"","","Cristina Fernandez","Julio Alak","Masculino","8/18/2009","Cristina Fernandez","Julio Alak","Masculino","8/18/2009","Cristina Fernandez","Julio Alak","Masculino","9/9/2011",6.778082192,6.778082192,4.717808219,0,93,9,1,1,1,1,1,1,0,0,0,0,0,0,0,0,0,25,0,0,0,12,"life, 25, life, 20, life, 25, 25, life, life, 25, 25, life",4,3,1100,1978,1976,"Army"
"santiago omar riveros",176,2017,"3/15/2017","general san martin","buenos aires",800,"Santiago Omar Riveros","general de division",1923,"life","tribunal oral federal no. 1 de san martin","Marta Isabel Milloc","Diego Gustavo Barroetavena","Maria Lucia Cassain",2014,"","","Carlos Menem","Jorge Maiorano","Femenino","6/2/1994","Nestor Kirchner","Horacio Rosatti","Masculino","6/22/2005","Carlos Menem","Jorge Maiorano","Femenino","7/7/1993",22.8,11.7369863,23.70410959,0,94,3,1,0,0,0,0,0,0,1,1,1,0,0,1,0,0,50,0,0,1,12,"life, 25, life, 20, life, 25, 25, life, life, 25, 25, life",4,3,1100,1978,1976,"Army"
"santiago omar riveros",18,2009,"8/12/2009","general san martin","buenos aires",800,"Santiago Omar Riveros","general, comandante de Institutos Militares",1923,"life","tribunal oral federal no.1 1 de san martin","Lucila E. Larrandart","Marta Isabel Milloc","Hector Omar Sagretti",2009,"","","Carlos Menem","Jorge Maiorano","Femenino","5/12/1993","Carlos Menem","Jorge Maiorano","Femenino","6/2/1994","Nestor Kirchner","Alberto Iribarne","Masculino","4/17/2006",16.2630137,15.20547945,3.323287671,0,86,0,1,0,0,0,1,0,1,0,1,1,0,0,0,0,0,50,0,0,1,12,"life, 25, life, 20, life, 25, 25, life, life, 25, 25, life",4,3,1100,1978,1976,"Army"
"santiago omar riveros",75,2012,"7/5/2012","capital federal","capital federal",800,"Santiago Omar Riveros","general, comandante de Institutos Militares",1923,"20","tribunal oral federal de capital no. 6","Maria del Carmen Roqueta","Julio Luis Panelo","Domingo Luis Altieri",2007,"","","Carlos Menem","Jorge Maiorano","Femenino","6/18/1993","Nestor Kirchner","Alberto Iribarne","Masculino","8/29/2007","Cristina Fernandez","Julio Alak","Masculino","9/9/2011",19.06027397,4.854794521,0.821917808,1,89,5,1,0,0,1,1,1,0,0,0,1,0,0,0,0,0,20,0,0,0,12,"life, 25, life, 20, life, 25, 25, life, life, 25, 25, life",4,3,1100,1978,1976,"Army"
"santiago omar riveros",28,2010,"4/20/2010","general san martin","buenos aires",800,"Santiago Omar Riveros","general, comandante de Institutos Militares",1923,"25","tribunal oral federal de san martin no. 1","Marta Isabel Milloc","Hector Omar Sagretti","Daniel Alberto Cisneros",2008,"","","Carlos Menem","Jorge Maiorano","Femenino","6/2/1994","Nestor Kirchner","Alberto Iribarne","Masculino","4/17/2006","Carlos Menem","Jorge Maiorano","Masculino","7/7/1993",15.89315068,4.010958904,16.79726027,0,87,2,1,0,0,1,0,0,0,1,1,1,0,0,0,0,0,25,0,0,0,12,"life, 25, life, 20, life, 25, 25, life, life, 25, 25, life",4,3,1100,1978,1976,"Army"
"santiago omar riveros",151,2015,"12/4/2015","general san martin","buenos aires",800,"Santiago Omar Riveros","general de division",1923,"25","tribunal oral federal no. 1 de san martin","Marta Isabel Milloc","Diego Gustavo Barroetavena","Maria Lucia Cassain",2013,"general san martin","buenos aires","Carlos Menem","Jorge Maiorano","Femenino","6/2/1994","Nestor Kirchner","Horacio Rosatti","Masculino","6/22/2005","Carlos Menem","Jorge Maiorano","Femenino","7/7/1993",21.52054795,10.45753425,22.42465753,0,92,2,1,0,0,0,0,0,0,1,1,1,0,0,1,0,0,25,0,0,0,12,"life, 25, life, 20, life, 25, 25, life, life, 25, 25, life",4,3,1100,1978,1976,"Army"
"santiago omar riveros",104,2013,"8/28/2013","general san martin","buenos aires",800,"Santiago Omar Riveros","general, comandante de Institutos Militares",1923,"25","tribunal oral federal de san martin no. 5","Alfredo J. Ruiz Paz","Maria Claudia Morgese Martin","Marcelo Gonzalo Diaz Cabral",2010,"zarate","buenos aires","Carlos Menem","Rodolfo Barra","Masculino","11/28/1994","Cristina Fernandez","Julio Alak","Femenino","11/21/2011","Carlos Menem","Jorge Maiorano","Masculino","5/23/1994",18.76164384,1.769863014,19.27945205,0,90,3,1,0,0,1,0,0,0,1,1,1,0,0,0,0,0,25,0,0,0,12,"life, 25, life, 20, life, 25, 25, life, life, 25, 25, life",4,3,1100,1978,1976,"Army"
"santiago omar riveros",91,2013,"3/12/2013","general san martin","buenos aires",800,"Santiago Omar Riveros","general, comandante de Institutos Militares",1923,"life","tribunal oral federal no. 1 de san martin","Hector Omar Sagretti","Daniel Alberto Cisneros","Daniel Antonio Petrone",2009,"san miguel","buenos aires","Nestor Kirchner","Alberto Iribarne","Masculino","4/17/2006","Carlos Menem","Jorge Maiorano","Masculino","7/7/1993","Cristina Fernandez","Julio Alak","Masculino","9/9/2011",6.906849315,19.69315068,1.506849315,0,90,4,1,1,1,0,1,1,1,0,0,0,0,0,0,0,0,50,0,0,1,12,"life, 25, life, 20, life, 25, 25, life, life, 25, 25, life",4,3,1100,1978,1976,"Army"
"santiago omar riveros",108,2013,"12/3/2013","general san martin","buenos aires",800,"Santiago Omar Riveros","general, comandante de Institutos Militares",1923,"25","tribunal oral federal no. 1 de san martin","Hector Omar Sagretti","Marta Isabel Milloc","Daniel Antonio Petrone",2012,"san miguel","buenos aires","Nestor Kirchner","Alberto Iribarne","Masculino","4/17/2006","Carlos Menem","Jorge Maiorano","Femenino","6/2/1994","Cristina Fernandez","Julio Alak","Masculino","9/9/2011",7.635616438,19.51780822,2.235616438,0,90,1,1,1,1,0,1,1,1,0,0,0,0,0,0,0,0,25,0,0,0,12,"life, 25, life, 20, life, 25, 25, life, life, 25, 25, life",4,3,1100,1978,1976,"Army"
"santiago omar riveros",132,2014,"12/22/2014","capital federal","capital federal",800,"Santiago Omar Riveros","general de division",1923,"life","tribunal oral federal capital no. 6","Maria del Carmen Roqueta","Julio Luis Panelo","Jorge Humberto Gettas",2012,"","","Carlos Menem","Jorge Maiorano","Femenino","6/18/1993","Nestor Kirchner","Alberto Iribarne","Masculino","8/29/2007","Eduardo Duhalde","Juan J. Alvarez","Masculino","10/30/2002",21.5260274,7.320547945,12.15342466,1,91,2,1,0,0,1,0,0,0,0,0,1,0,0,0,1,0,50,0,0,1,12,"life, 25, life, 20, life, 25, 25, life, life, 25, 25, life",4,3,1100,1978,1976,"Army"
"waldo carmen roldan",5,2007,"12/18/2007","capital federal","capital federal",NA,"Waldo Carmen Roldan","coronel del ejercito",1932,"23","juzgado nacional criminal federal no. 4","Ariel Lijo",NA,NA,2006,"","","Nestor Kirchner","Horacio Rosatti","Masculino","10/7/2004",NA,NA,NA,NA,NA,NA,NA,NA,3.197260274,NA,NA,0,75,1,1,0,0,0,0,0,0,0,0,0,0,1,0,0,0,23,0,0,0,1,"23",2,1,0,1979,1978,"Army"
